conversation_id,title,date,domain,secondary_domains,artifact_hint
6983f03f-77fc-8333-b902-d9ca075b105d,New chat,2026-02-05T01:20:04.570000+00:00,aesthetics,sports;wiki,{{infobox | bodystyle = width:{{{width|300px}}} | datastyle = text-align:left; | abovestyle = {{Gridiron primary style|{{{name|{{PAGENAME}}}}}|border=2}}; padding:5px; | above = {{{name|{{PAGENAME}}}}} | subheader = {{#i
69895cfa-e1d8-8325-b47f-df249dfdc39a,Roster Table Layout Fix,2026-02-09T04:05:35.276000+00:00,sports,aesthetics,"{| class=""toccolours"" |+ style=""{{Gridiron primary style|year={{{Year|{{{year|}}}}}}|{{{TeamName|{{{team}}}}}}|border=2}}; text-align:center;"" | {{#if:{{{TemplateName|}}} | {{Navbar-header|'''{{{TeamName|Unknown}}} roste"
69895cfa-e1d8-8325-b47f-df249dfdc39a,Roster Table Layout Fix,2026-02-09T04:11:09.048000+00:00,sports,aesthetics;wiki;software,"{| class=""toccolours"" |+ style=""{{Gridiron primary style|year={{{Year|{{{year|}}}}}}|{{{TeamName|{{{team}}}}}}|border=2}}; text-align:center;"" | {{#if:{{{TemplateName|}}} | {{Navbar-header|'''{{{TeamName|Unknown}}} roste"
69895cfa-e1d8-8325-b47f-df249dfdc39a,Roster Table Layout Fix,2026-02-09T04:12:37.298000+00:00,sports,wiki;software;aesthetics,"{| class=""toccolours"" |+ style=""{{Gridiron primary style|year={{{Year|{{{year|}}}}}}|{{{TeamName|{{{team}}}}}}|border=2}}; text-align:center;"" | {{#if:{{{TemplateName|}}} | {{Navbar-header|'''{{{TeamName|Unknown}}} roste"
69895cfa-e1d8-8325-b47f-df249dfdc39a,Roster Table Layout Fix,2026-02-09T04:15:04.637000+00:00,wiki,,regen the full template with the fixes
69895cfa-e1d8-8325-b47f-df249dfdc39a,Roster Table Layout Fix,2026-02-09T04:30:43.823000+00:00,sports,aesthetics,"ok i think everything is perfect now lets apply it to the UFL one now. it should be exactly like the NFL one but with the NFL stuff renamed to UFL (like the footer navbar) {| class=""toccolours"" |+ style=""{{Gridiron prima"
698965ec-d844-832e-99cc-e96ad2fc0614,Template Fixes and Advice,2026-02-09T04:43:47.703000+00:00,aesthetics,sports;wiki,{{infobox | bodystyle = width:{{if empty|{{{width|}}}|300px}} | datastyle = text-align:left; | abovestyle = {{Gridiron primary style|{{if empty|{{{name|}}}|{{PAGENAME}}}}|border=2}}; padding:5px; | above = {{if empty|{{{
698965ec-d844-832e-99cc-e96ad2fc0614,Template Fixes and Advice,2026-02-09T04:51:00.465000+00:00,wiki,,i just want the whole template. i copypaste it
69937105-b4ac-8331-b730-c58781300782,EFT Game Evaluation,2026-02-16T21:43:03.696000+00:00,games,,"ok now lets summarize everything we've learned and give it back to claude to fix the design.md, which will we know call the MANIFEST.md"
69937105-b4ac-8331-b730-c58781300782,EFT Game Evaluation,2026-02-16T21:47:28.697000+00:00,games,,ok senda full prompt to claude so that we are all synced up using MANIFEST as the bind. ill send u when its done
69937105-b4ac-8331-b730-c58781300782,EFT Game Evaluation,2026-02-16T21:53:08.432000+00:00,games,,its a source engine thing its the same thing that boosted bhop speeds in css by moving side to side
69937105-b4ac-8331-b730-c58781300782,EFT Game Evaluation,2026-02-16T22:07:49.167000+00:00,games,,i have to use gemini 3 pro now because i ran out of qoute. lets send the same manifest refactor prompt AND this as a new prompt.
69937105-b4ac-8331-b730-c58781300782,EFT Game Evaluation,2026-02-16T22:14:36.429000+00:00,games,,"no i mean the manifest is way smaller, is this ideal?"
69937105-b4ac-8331-b730-c58781300782,EFT Game Evaluation,2026-02-16T22:15:19.627000+00:00,games,,oh i just wanted 1 file renamed as MANIFEST
69937105-b4ac-8331-b730-c58781300782,EFT Game Evaluation,2026-02-16T22:56:39.452000+00:00,software,games,what else can be done? sbox is open source too https://github.com/Facepunch/sbox-public and anything we can add to the repo to make the manifest to code bridge better?
69937105-b4ac-8331-b730-c58781300782,EFT Game Evaluation,2026-02-16T23:11:44.547000+00:00,games,software,"maybe this can serve as a future study of AI assistanted open source game projects. but first: 3. Recommendations To further ""turn Manifest into specification"", I recommend: CI/Pre-commit Hook: Run manifest_coverage.py b"
69937105-b4ac-8331-b730-c58781300782,EFT Game Evaluation,2026-02-16T23:15:27.633000+00:00,games,,"has this sort of manifest thing being the ""brain"" of the source code been done before"
69937105-b4ac-8331-b730-c58781300782,EFT Game Evaluation,2026-02-16T23:17:22.595000+00:00,software,self;aesthetics;games,helix old manifest. anything from this that will help?
69937105-b4ac-8331-b730-c58781300782,EFT Game Evaluation,2026-02-16T23:20:01.463000+00:00,games,,not sure if a dynamic emergent game like eft needs the laws any more than the logic already in the manifest
69937105-b4ac-8331-b730-c58781300782,EFT Game Evaluation,2026-02-16T23:21:09.710000+00:00,games,,so what should we admend to the manifest?
69937105-b4ac-8331-b730-c58781300782,EFT Game Evaluation,2026-02-17T00:00:58.906000+00:00,games,,so can i just feed it back into itself a few times without even saying theres an issue and it just strengthens the manifest?
69937105-b4ac-8331-b730-c58781300782,EFT Game Evaluation,2026-02-17T02:59:31.906000+00:00,games,,final manifest file. lets do a deep search again and see if we can refine or close any gaps in what we already know
69937105-b4ac-8331-b730-c58781300782,EFT Game Evaluation,2026-02-17T03:04:00.384000+00:00,games,,"so what should we aask gemini to merge with manifest, if anything?"
69963248-744c-8331-ae59-0dce9680dadd,GMod Server Setup Guide,2026-02-18T22:28:59.124000+00:00,games,aesthetics;sports;software,"the scoreboard does track goals and tackles. the fun was either avoiding the choas with jukes and map geometry as a carrier, and trying to stop/protect them (depending on what team had possesion) and then flipping offens"
69963248-744c-8331-ae59-0dce9680dadd,GMod Server Setup Guide,2026-02-18T22:54:43.833000+00:00,games,,also try to collect as much history about eft as you can. i only began playing in 2014 but i think the game was first made public in 2012 by creator jetboom on the former noxiousnet server (better know for their zombie s
69963248-744c-8331-ae59-0dce9680dadd,GMod Server Setup Guide,2026-02-18T22:56:24.520000+00:00,games,sports,"https://www.youtube.com/c/ExtremeFootballLeague this was our EFL youtube account where we recorded our league games (EFL should be described in the manifest, but it was our private league that we invited good players to "
69963248-744c-8331-ae59-0dce9680dadd,GMod Server Setup Guide,2026-02-18T23:17:37.879000+00:00,games,aesthetics;sports;software,now add your last 2 deep report findings with gemini's deep search (which has some misjudgements but we have the manifest. and lets summarize everything to make the manifest stronger to what eft really was
69963248-744c-8331-ae59-0dce9680dadd,GMod Server Setup Guide,2026-02-18T23:35:58.478000+00:00,games,aesthetics,"""High-scoring open maps"" were MORE chaotic and swarm like since it was just open field and constant tackling and passing attempts to advance the ball out of a mini warzone (remember that throwing forced players to stop m"
69963248-744c-8331-ae59-0dce9680dadd,GMod Server Setup Guide,2026-02-18T23:38:19.536000+00:00,games,sports,"lets make one massive prompt explaining what EFT is according to you. claude will just read it and update the manifest based on what it knows too (nothing should conflict, just the soul gets stronger which helps everythi"
69963248-744c-8331-ae59-0dce9680dadd,GMod Server Setup Guide,2026-02-18T23:43:12.715000+00:00,games,aesthetics;sports;software,"it doesnt need to move by AI, honestly the bots are already mechnically good they just play pretty dumb. im hoping that this manifest will guide the AI to make good bot decicions to bascially replicate what i just asked."
69963248-744c-8331-ae59-0dce9680dadd,GMod Server Setup Guide,2026-02-19T00:01:20.644000+00:00,games,aesthetics;sports;software,"bots already disconnect when a player joins that team. the framework exists for them i just need them to be smarter, mostly offensively. by making the manifest stronger it will serve as a beter guide when i get more clau"
69963248-744c-8331-ae59-0dce9680dadd,GMod Server Setup Guide,2026-02-19T00:20:26.823000+00:00,games,aesthetics;sports;software,"on a high abstract level yes. but ask any player and they would just say the ball was life and to create space for the carrier and stop the opposing team from stopping him. not saying your view is wrong, but we have to k"
69963248-744c-8331-ae59-0dce9680dadd,GMod Server Setup Guide,2026-02-19T00:31:06.967000+00:00,games,software;body_sensory,"yes, im imaging as the final form of the manifest being like the literal soul that is engine-agnostic and can be read and understood by anybody when porting to another engine (not my plan but you can see that im trying t"
69963248-744c-8331-ae59-0dce9680dadd,GMod Server Setup Guide,2026-02-19T00:39:01.803000+00:00,games,aesthetics;sports;software,you wouldnt lose charge speed (300) but could dip below max straightline speed (350) which meant that somebody not moving the mouse at all in a headon with you would win. that level of variance is how headons felt like y
69963248-744c-8331-ae59-0dce9680dadd,GMod Server Setup Guide,2026-02-19T00:45:13.459000+00:00,games,aesthetics;sports;software,"""Not joking. This is one of the hidden reasons CSS survived so long too. Movement micro-skill creates identity."" same engine so im not surprised, but i havent really played css so explain this. but yes this was really th"
69963248-744c-8331-ae59-0dce9680dadd,GMod Server Setup Guide,2026-02-19T01:10:03.782000+00:00,games,,can you regen the entire thing but formatted like this? i want ALL the info you have on eft that i have taught you so that claude can parse it all and amend manifest. its smart enough to know what not to delete
69963248-744c-8331-ae59-0dce9680dadd,GMod Server Setup Guide,2026-02-19T01:32:45.056000+00:00,games,,the more we dicuss eft the better the manifest will get. the game didnt even explain any of the controls either (hidden away in a badly designed f1 that was missing 80% of the game's context which wasnt even told was a b
69963248-744c-8331-ae59-0dce9680dadd,GMod Server Setup Guide,2026-02-19T02:15:14.690000+00:00,games,aesthetics;sports;software,"maybe more like 1500 hours with like 100 more mapping in hammer for it. i could have did this project 10 years ago myself (source code has always been up) but i coudltn code. AI now bridges that execution gap, and this m"
69963248-744c-8331-ae59-0dce9680dadd,GMod Server Setup Guide,2026-02-19T02:19:45.059000+00:00,games,,"actually yeah, this could be described as the checksum of eft in addition. and sbox has always been the future home of it. me and my friends even said that when it was first announced and NOW its even open source when ma"
69963248-744c-8331-ae59-0dce9680dadd,GMod Server Setup Guide,2026-02-19T02:52:10.746000+00:00,games,aesthetics;sports;software,it being the same game but better/brought into the 2020s has been the goal since day 1. its why this manifest was even created 2 months ago and been through several revisions (helix was an offshoot but claude code/antigr
69963248-744c-8331-ae59-0dce9680dadd,GMod Server Setup Guide,2026-02-19T02:58:11.105000+00:00,games,aesthetics;sports;software,"yea, eft sometimes even function likea chatroom (we chatted while we played at less serious times lmao) ""The manifest preserves the system, but what you’re really hoping for is the moment when one of those old names join"
69963248-744c-8331-ae59-0dce9680dadd,GMod Server Setup Guide,2026-02-19T03:05:08.766000+00:00,games,aesthetics;sports;software,i literally think ive spent more time making this manifest than jetboom spent coding and playtesting the game
69963248-744c-8331-ae59-0dce9680dadd,GMod Server Setup Guide,2026-02-20T01:07:33.508000+00:00,games,,"do a deep dive on more things it maps to. omit things that only half make sense, i want things that map as 1:1 to eft mechanics and anything else in the manifest as possible that isnt already in it. and as a side thing, "
69963248-744c-8331-ae59-0dce9680dadd,GMod Server Setup Guide,2026-02-20T01:14:55.064000+00:00,games,aesthetics;sports;software,yes lets do the canidate mapping and extract things that just renforce the manifest. think in every domain possible
6997e062-8820-8328-ad1d-dcc27c9e2046,Mayan Aztec Steam Background,2026-02-20T05:03:12.622000+00:00,aesthetics,,La observación precede al colapso. La simetría se rompe. with a a better 3rd line. is there some sort of mesoamerican haiku style that i could use as a template? i dont want haiku but if they had something like that we c
69b1e58b-772c-8328-ada3-17cd768437f3,Hide .0 Values,2026-03-11T21:59:31.532000+00:00,wiki,,| label1 = {{{statlabel1}}} | data1 = {{#if:{{{statlabel1|}}}|{{{statvalue1|}}}}} | label2 = {{{statlabel2}}} | data2 = {{#if:{{{statlabel2|}}}|{{{statvalue2|}}}}} | label3 = {{{statlabel3}}} | data3 = {{#if:{{{statlabel
69b1e58b-772c-8328-ada3-17cd768437f3,Hide .0 Values,2026-03-11T22:03:03.745000+00:00,wiki,aesthetics;sports;self,this seems complex. where do i put all of this {{Infobox | child = {{lc:{{{embed|}}}}} | bodyclass = vcard | bodystyle = width: 25em | headerstyle = line-height: 1.5em; {{#switch:{{lc:{{if empty|{{{current_team|}}}|{{{cu
69b1e58b-772c-8328-ada3-17cd768437f3,Hide .0 Values,2026-03-11T22:08:20.682000+00:00,wiki,,broke the template. this cant be this hard. this is wikipedia btw
69c8543a-1bb4-8328-ae8e-e36dac7f3bfa,Adding Disc Number Foobar,2026-03-28T22:20:36.458000+00:00,music,,how to add proper disc number in order in foobar
69d71e0d-7190-832f-ab00-a15ef3ad825a,Trails,2026-04-10T00:49:29.165000+00:00,wiki,self;trails,"The Zemurian Index has a defined two-layer model (Metadata + Atlas) and documented writing rules, but no formal generative spec — no system that maps Metadata fields to rendered sections, controls section presence determ"
69d7c92b-bdf8-832a-8c97-f45bb853bc00,Infobox Title Position Fix,2026-04-09T16:09:09.990000+00:00,wiki,,"i forgot to say that this is being displayed as real text on the template page, meaning something isnt being closed in your code"
69d84d64-de98-832e-b406-035026fb2e9d,Enhancing Existing Work,2026-04-10T01:51:05.463000+00:00,music,,"dan clark noire x, fiio k7, heard ambisonics is cool but not applicable to my foobar setup"
69d84d64-de98-832e-b406-035026fb2e9d,Enhancing Existing Work,2026-04-10T02:13:46.973000+00:00,music,,no i mean what dsps to add to foobar
69da8417-cf34-83ea-8a04-9c9493a29a86,Real3D vs FreeSurround,2026-04-11T17:25:53.070000+00:00,software,,https://github.com/Sussyman2-0/Real3D-Surround-Upmixer- what does this offer over the freesurround foobar plugin?
69dbe7de-4794-83ea-b656-1ef00683c384,Reddit Data Profile Analysis,2026-04-19T23:15:24.042000+00:00,wiki,self,yes. why didnt you do that in the first pass? also i want it noted in the parts where it includes me collab with AI that i do note code and use LLMs to code small things ive always wanted but never had the skill too (suc
69dd54bf-a564-83ea-ad41-0855776f75b3,Enhancing Foobar Spatial Audio,2026-04-13T20:40:32.684000+00:00,music,,how can we use this to ehance foobar spatial audio even more? to something like sony's 360 audio? im already using hesuvi for windows and freesurround in foobar to upmix to 7.1. i like the current sound but we can push t
69dd54bf-a564-83ea-ad41-0855776f75b3,Enhancing Foobar Spatial Audio,2026-04-13T20:44:22.856000+00:00,music,,https://www.foobar2000.org/components/view/foo_out_xaudio2 https://foobar.hyv.fi/?view=foo_out_spatial these might help too
69dd54bf-a564-83ea-ad41-0855776f75b3,Enhancing Foobar Spatial Audio,2026-04-13T20:44:56.977000+00:00,music,,bascially ican build my own things for foobar if it alligns with this 360/ambisonics from stereo decoder
69dd54bf-a564-83ea-ad41-0855776f75b3,Enhancing Foobar Spatial Audio,2026-04-13T20:53:59.791000+00:00,music,,i want hesuvi windows wide but foobar to have special music virtualization DSPs. custom ones that we can build using the principals behind 360 audio or even spatial ambisonics. bascially i want it to sound even more imme
69dd54bf-a564-83ea-ad41-0855776f75b3,Enhancing Foobar Spatial Audio,2026-04-19T17:21:50.865261+00:00,music,,"All of this could just be condensed into the scene7 DSP I'm already using now. I meant things that aren't spatial but can also be used to enhance the audio. However, if these can enhance the spatial feel of it even bette"
69dd54bf-a564-83ea-ad41-0855776f75b3,Enhancing Foobar Spatial Audio,2026-04-19T17:27:55.067252+00:00,music,self,"I use my DSP chain over my entire library. So really, we could just integrate this within one plugin where it has spatial and all these other enhancements. Is there anything in experimental audio that we could also use t"
69dd54bf-a564-83ea-ad41-0855776f75b3,Enhancing Foobar Spatial Audio,2026-04-19T17:34:43.254634+00:00,music,self;games,"The portal thing was a metaphor, it's more like a sphere that I'm sticking my head into and I can hear music in all directions. It's already somewhat like that, but I just want to continue to enhance it until it reaches "
69dd54bf-a564-83ea-ad41-0855776f75b3,Enhancing Foobar Spatial Audio,2026-04-19T18:00:17.876000+00:00,music,software;self;games,"yes, map to the current plugin. its already working code so i want to add the things we talked about. i also want to rename all the real3d/freesurround to helix (they served as the open source base but this is my own per"
69dd54bf-a564-83ea-ad41-0855776f75b3,Enhancing Foobar Spatial Audio,2026-04-20T02:52:32.218000+00:00,music,,how can we enhance this (via the foobar vgm plugin) im not going after accuracy i want like the Fm stuff played like it was always on a higher quality soundchip. we can also feed better metadata into prism (which sounds
69dd54bf-a564-83ea-ad41-0855776f75b3,Enhancing Foobar Spatial Audio,2026-04-20T03:37:35.082000+00:00,music,,it actually sounds great just playing through prism. we're also building a reverb dsp based on dragonfly
69dd54bf-a564-83ea-ad41-0855776f75b3,Enhancing Foobar Spatial Audio,2026-04-20T03:43:53.021000+00:00,music,,"what does that do differently that deserves a seperate dsp? 3 dsps is enough i agree, but i want them to be unique, not something we could just build into one of the other 2"
69ed039e-674c-83ea-bc96-0fe4b8536b21,Adding !important in CSS,2026-04-25T18:10:47.310000+00:00,wiki,aesthetics,"{{<includeonly>safesubst:</includeonly>ifsubst|1=<span|2=<templatestyles src=""Template:Color/styles.css"" /><span class=""tmp-color""}} style=""color:{{{1|}}}"">{{{2|{{{1|}}}}}}<includeonly></span></includeonly><noinclude>{{D"
69ed039e-674c-83ea-bc96-0fe4b8536b21,Adding !important in CSS,2026-04-25T18:14:05.179000+00:00,aesthetics,,"<span style=""color:white"">{{{1}}}</span> works for the {{white}} template. this is the {{color}} template and it didnt seem to work"
69ed039e-674c-83ea-bc96-0fe4b8536b21,Adding !important in CSS,2026-04-25T18:15:53.201000+00:00,aesthetics,,"/* {{pp-template}} */ /* [[phab:T360683]]: This stylesheet removes the function of this template in * dark mode */ @media screen { html.skin-theme-clientpref-night div:not(.notheme) > .tmp-color, html.skin-theme-clientpr"
69ed039e-674c-83ea-bc96-0fe4b8536b21,Adding !important in CSS,2026-04-25T18:17:20.218000+00:00,wiki,aesthetics,"no this is wikipedia. {{<includeonly>safesubst:</includeonly>ifsubst|1=<span|2=<templatestyles src=""Template:Color/styles.css"" /><span class=""tmp-color""}} style=""color:{{{1|}}} !important"">{{{2|{{{1|}}}}}}<includeonly></"
